description,label
"incerc sa invat cum sa fac bani din hobby-urile mele, cum ar fi sa vand handmade-uri sau sa fac tutoriale online despre ce stiu.",afaceri
ma joc cu toate gadgeturile si aplicatiile pe care le gasesc si incerc sa inteleg cum functioneaza si ce le face sa fie cool.,tehnologie
vreau sa inteleg mai bine cum functioneaza economia si cum putem sa facem bani din lucruri pe care le facem oricum.,finante
ma implic in toate activitatile studentesti si incerc sa inteleg cum putem sa schimbam lucrurile pentru binele nostru.,politica
pictez si desenez de cand ma stiu si incerc sa inteleg cum putem sa folosim arta pentru a ne exprima si a comunica.,arte
"incerc sa invat cat mai multe retete de mancare si sa le gatesc pentru mine si pentru prietenii mei, sa vedem ce iese.",cultura
"ma uit la toate documentarele despre spatiu si incerc sa inteleg cum functioneaza universul, e fascinant.",stiinte
"vreau sa inteleg cum putem sa avem grija de corpul nostru si sa traim o viata sanatoasa, dar si sa ne distram.",sanatate
ma joc cu toate jocurile pe calculator si incerc sa inteleg cum functioneaza si cum le putem face mai bune.,tehnologie
ma implic in toate discutiile despre politica si incerc sa inteleg cum putem sa schimbam lucrurile pentru binele nostru.,politica
imi petrec mult timp in laborator si incerc sa inteleg cum functioneaza toate acele experimente si echipamente.,stiinte
"incerc sa inteleg cum putem sa avem grija de corpul nostru si sa ne mentinem sanatatea, dar si sa ne distram.",sanatate
vreau sa invat sa programez si sa inteleg cum functioneaza totul in spatele computerelor si a internetului.,tehnologie
particip la toate dezbaterile despre politica si incerc sa inteleg cum putem sa schimbam lucrurile pentru binele nostru.,politica
invat tot ce pot despre cum functioneaza corpul nostru si cum putem sa avem grija de sanatatea noastra.,sanatate
ma joc cu toate gadgeturile si tehnologiile noi si incerc sa inteleg cum putem sa le folosim pentru a face lumea mai buna.,tehnologie
particip la toate evenimentele legate de politica si incerc sa inteleg cum putem sa schimbam lucrurile pentru binele nostru.,politica
incerc sa inteleg cum functioneaza toate acele formule si experimente din laborator si ce inseamna ele pentru noi.,stiinte
invat despre sanatate si incerc sa inteleg cum putem sa avem grija de noi insine si sa ne pastram sanatatea.,sanatate
ma joc cu toate aplicatiile si gadgeturile pe care le gasesc si incerc sa inteleg cum functioneaza si cum putem sa le folosim mai bine.,tehnologie
particip la toate protestele si manifestatiile si incerc sa inteleg cum putem sa schimbam lucrurile pentru binele nostru.,politica
invat tot ce pot despre cum functioneaza toate acele reactii chimice si ce inseamna ele pentru noi si pentru lumea in care traim.,stiinte
incerc sa inteleg cum putem sa avem grija de noi insine si sa prevenim bolile si afectiunile care ne pot afecta.,sanatate
ma joc cu toate acele gadgeturi si tehnologii noi si incerc sa inteleg cum functioneaza si cum putem sa le folosim pentru a face lumea mai buna.,tehnologie
particip la toate adunarile studentesti si incerc sa inteleg cum putem sa schimbam lucrurile pentru binele nostru si al comunitatii noastre.,politica
invat tot ce pot despre toate acele creaturi si organisme si cum putem sa avem grija de ele si de mediul inconjurator.,stiinte
incerc sa inteleg cum putem sa avem grija de corpul nostru si sa prevenim bolile si afectiunile care ne pot afecta.,sanatate
vreau sa inteleg cum functioneaza toate acele coduri si programe pe care le folosim in fiecare zi si cum putem sa le facem mai bune.,tehnologie
particip la toate dezbaterile politice si incerc sa inteleg cum putem sa schimbam lucrurile pentru binele nostru si al societatii.,politica
invat tot ce pot despre cum functioneaza toate acele experimente si tehnici de laborator si cum putem sa le folosim pentru a intelege lumea.,stiinte
incerc sa inteleg cum putem sa avem grija de noi insine si sa ne pastram sanatatea si sanatatea celor din jurul nostru.,sanatate
vreau sa inteleg cum functioneaza toate acele gadgeturi si tehnologii si cum putem sa le folosim pentru a face lumea un loc mai bun.,tehnologie
particip la toate discutiile despre politica si incerc sa inteleg cum putem sa schimbam lucrurile pentru binele nostru si al tuturor.,politica
invat tot ce pot despre cum functioneaza corpul nostru si cum putem sa avem grija de el pentru a ne mentine sanatosi si fericiti.,sanatate
ma joc cu toate acele tehnologii noi si incerc sa inteleg cum functioneaza si cum putem sa le folosim pentru a ne bucura de ele.,tehnologie
particip la toate dezbaterile despre politica si incerc sa inteleg cum putem sa schimbam lucrurile pentru binele nostru si al tuturor.,politica
invat tot ce pot despre cum functioneaza toate acele reactii chimice si cum putem sa le folosim pentru a intelege lumea din jurul nostru.,stiinte
incerc sa inteleg cum putem sa avem grija de noi insine si sa prevenim bolile si afectiunile care ne pot afecta in viata de zi cu zi.,sanatate
vreau sa inteleg cum functioneaza toate acele gadgeturi si tehnologii si cum putem sa le folosim pentru a face lumea un loc mai bun.,tehnologie
particip la toate dezbaterile despre politica si incerc sa inteleg cum putem sa schimbam lucrurile pentru binele nostru si al societatii.,politica
invat tot ce pot despre cum functioneaza toate acele experimente si tehnologii si cum putem sa le folosim pentru a face lumea un loc mai bun.,stiinte
incerc sa inteleg cum putem sa avem grija de noi insine si sa ne mentinem sanatatea si sanatatea celor din jurul nostru.,sanatate
vreau sa inteleg cum functioneaza toate acele gadgeturi si tehnologii si cum putem sa le folosim pentru a face lumea un loc mai bun.,tehnologie
particip la toate dezbaterile despre politica si incerc sa inteleg cum putem sa schimbam lucrurile pentru binele nostru si al societatii.,politica
invat tot ce pot despre cum functioneaza toate acele reactii chimice si cum putem sa le folosim pentru a intelege lumea din jurul nostru.,stiinte
"imi dau osteneala sa invat cum sa fac bani din hobby-urile mele, cum ar fi sa vand handmade-uri sau sa fac tutoriale online despre ce stiu.",afaceri
as vrea sa inteleg mai bine cum functioneaza economia si cum putem sa facem bani din lucruri pe care le facem oricum.,finante
"doresc sa invat cat mai multe retete de mancare si sa le gatesc pentru mine si pentru prietenii mei, sa vedem ce iese.",cultura
ma joc cu toate gadgeturile si aplicatiile pe care le gasesc si ma straduiesc sa inteleg cum functioneaza si ce le face sa fie cool.,tehnologie
particip la toate adunarile studentesti si incerc sa inteleg cum putem sa schimbam lucrurile pentru binele nostru si al comunitatii noastre.,politica
doresc sa inteleg cat mai multe despre cum functioneaza toate acele experimente si echipamente din laborator.,stiinte
vreau sa invat cum putem sa avem grija de noi insine si sa prevenim bolile si afectiunile care ne pot afecta.,sanatate
vreau sa invat sa programez si sa inteleg cum functioneaza totul in spatele computerelor si a internetului.,tehnologie
doresc sa invat tot ce pot despre cum functioneaza toate acele reactii chimice si ce inseamna ele pentru noi.,stiinte
ma implic in toate discutiile despre politica si incerc sa inteleg cum putem sa schimbam lucrurile pentru binele nostru.,politica
doresc sa invat tot ce pot despre cum functioneaza corpul nostru si cum putem sa avem grija de sanatatea noastra.,sanatate
doresc sa inteleg cum functioneaza toate acele coduri si programe pe care le folosim in fiecare zi si cum putem sa le facem mai bune.,tehnologie
particip la toate dezbaterile politice si vreau sa inteleg cum putem sa schimbam lucrurile pentru binele nostru si al societatii.,politica
as dori sa invat tot ce pot despre cum functioneaza toate acele experimente si tehnici de laborator si ce inseamna ele pentru noi.,stiinte
vreau sa inteleg cum putem sa avem grija de noi insine si sa prevenim bolile si afectiunile care ne pot afecta in viata de zi cu zi.,sanatate
vreau sa inteleg cum functioneaza toate acele gadgeturi si tehnologii si cum putem sa le folosim pentru a face lumea un loc mai bun.,tehnologie
particip la toate dezbaterile despre politica si doresc sa inteleg cum putem sa schimbam lucrurile pentru binele nostru si al societatii.,politica
doresc sa invat tot ce pot despre cum functioneaza toate acele reactii chimice si cum putem sa le folosim pentru a intelege lumea din jurul nostru.,stiinte
vreau sa inteleg cum putem sa avem grija de noi insine si sa prevenim bolile si afectiunile care ne pot afecta in viata de zi cu zi.,sanatate
imi dau silinta sa inteleg cum pot sa-mi dezvolt afacerea si sa ajung la un nivel mai inalt in cariera mea.,afaceri
vreau sa descopar cum pot sa investesc banii mei pentru a obtine cele mai bune rezultate financiare pe termen lung.,finante
incerc sa descopar cum pot sa imi exprim creativitatea si pasiunile prin arta si design.,cultura
doresc sa inteleg cum pot sa folosesc tehnologia pentru a rezolva problemele din viata de zi cu zi.,tehnologie
particip la discutiile politice pentru a intelege mai bine cum pot sa influentez schimbarile in societate.,politica
incerc sa inteleg principiile stiintifice din spatele fenomenelor din jurul nostru.,stiinte
vreau sa imi imbunatatesc stilul de viata si sanatatea prin alimentatie sanatoasa si exercitii regulate.,sanatate
incerc sa invat tot ce pot despre dezvoltarea aplicatiilor mobile si site-urilor web.,tehnologie
vreau sa inteleg complexitatea universului si rolul nostru in el prin studierea astrofizicii si cosmologiei.,stiinte
particip la dezbaterile politice pentru a-mi forma propriile opinii si pentru a contribui la schimbarile sociale.,politica
doresc sa inteleg mecanismele corpului uman si cum putem sa il mentinem sanatos si functional.,sanatate
incerc sa invat tot ce pot despre noile tehnologii si inovatiile care schimba lumea in care traim.,tehnologie
vreau sa inteleg cum putem sa rezolvam problemele politice si sociale din lumea in care traim.,politica
doresc sa inteleg cum functioneaza lumea din jurul nostru si cum putem sa o schimbam in bine.,stiinte
vreau sa imi imbunatatesc calitatea vietii si sanatatea prin adoptarea unui stil de viata mai sanatos.,sanatate
incerc sa invat cum pot sa folosesc tehnologia pentru a crea solutii inovatoare la problemele din jurul nostru.,tehnologie
vreau sa inteleg misterele universului si sa descopar noi cunostinte in domeniul astrofizicii si cosmologiei.,stiinte
particip la dezbaterile politice pentru a-mi exprima opiniile si pentru a sustine schimbarile pe care le dorim in societate.,politica
doresc sa inteleg cum functioneaza corpul uman si cum putem sa il mentinem sanatos si functional pe termen lung.,sanatate
incerc sa invat noi tehnici si abordari in programare pentru a imbunatati abilitatile mele in domeniul tehnologic.,tehnologie
vreau sa inteleg cum putem sa exploram universul si sa descoperim noi cunostinte despre el prin stiinta si cercetare.,stiinte
particip la dezbaterile politice pentru a intelege mai bine modul in care functioneaza sistemul politic si cum putem sa il schimbam in bine.,politica
doresc sa inteleg cum putem sa prevenim bolile si sa promovam un stil de viata sanatos pentru toti oamenii.,sanatate
incerc sa invat tot ce pot despre noile tehnologii si cum putem sa le folosim pentru a rezolva problemele din viata de zi cu zi.,tehnologie
sunt interesat de actiunile si tendintele pietei,finante
ultima lansare de smartphone-uri pare promitatoare,tehnologie
viitoarele alegeri sunt un subiect fierbinte,politica
explorez oportunitatile de investitii in energie regenerabila,afaceri
imi place sa citesc despre avansurile in medicina,sanatate
expozitiile de arta ma inspira,arte
cercetarea in computere cuantica ma fascineaza,stiinte
industria sanatatii evolueaza rapid,sanatate
sunt pasionat de strategiile de afaceri,afaceri
explorarea spatiului ma captiveaza,stiinte
dezbaterile politice ma intereseaza foarte mult,politica
sunt intrigat de intersectia dintre arta si tehnologie,arte
analizez piata de valori pentru investitii potentiale,finante
noile avansuri in inteligenta artificiala ma entuziasmeaza,tehnologie
ma adancesc in lumea finantelor,finante
scena artistica din oras prospera,arte
sunt fascinat de subtilitatile politicii globale,politica
tehnologiile emergente precum blockchain-ul ma intriga,tehnologie
sistemul de sanatate are nevoie de reforme,sanatate
studiez stiinta mediului,stiinte
"studierea impactului ecologic al schimbarilor climatice asupra ecosistemelor marine, inclusiv recifele de corali, mangrovele si regiunile polare, pentru a informa eforturile de conservare si pentru a atenua efectele incalzirii globale asupra biodiversitatii si serviciilor ecosistemice.",stiinte
oferirea de sfaturi financiare si strategii de investitii persoanelor fizice si companiilor pentru a-i ajuta sa-si atinga obiectivele financiare si sa-si asigure viitorul financiar.,afaceri
"crearea instalatiilor de arta vizuala care exploreaza teme legate de sustenabilitate, degradarea mediului si impactul uman asupra lumii naturale, pentru a creste constientizarea si a inspira actiuni pentru a aborda provocarile ecologice urgente.",arte
"dezvoltarea aplicatiilor software pentru analiza datelor, vizualizare si modelare pentru a sustine cercetarea stiintifica in domenii precum genomica, bioinformatica si stiintele mediului.",tehnologie
"analizarea structurilor de guvernare globala si a institutiilor internationale pentru a intelege dinamica puterii, procesele decizionale si mecanismele pentru rezolvarea conflictelor si cooperarea in sistemul international.",politica
"oferirea de ingrijire medicala si servicii de suport comunitatilor marginalizate si populatiilor marginalizate, inclusiv refugiatilor, solicitantilor de azil si popoarelor indigene, pentru a aborda disparitatile in furnizarea de servicii medicale si pentru a promova echitatea in sanatate.",sanatate
"experimentarea cu diferite medii si tehnici artistice, inclusiv pictura, sculptura, fotografia si arta performantei, pentru a explora expresia personala, identitatea culturala si comentariul social.",arte
"investigarea originii vietii pe pamant si a potentialului vietii extraterestre in univers prin cercetarea astrobiologica, explorarea planetara si cautarea semnelor de viata in spatiu.",stiinte
"dezvoltarea solutiilor inovatoare pentru provocarile cibernetice, inclusiv detectarea amenintarilor, raspunsul la incidente si dezvoltarea de software securizat, pentru a proteja organizatiile si persoanele fizice de atacuri cibernetice si incalcari de date.",tehnologie
"angajarea in activism la baza si organizare comunitara pentru a sustine reformele politice, initiativele de justitie sociala si campaniile pentru drepturile omului la nivel local, national si international.",politica
"oferirea de servicii de ingrijire medicala primara si ingrijire preventiva comunitatilor din zonele indepartate si marginalizate, inclusiv vaccinari, ingrijire maternala si programe de nutritie, pentru a imbunatati rezultatele in sanatate si a reduce ratele de mortalitate.",sanatate
"cercetarea tehnologiilor de energie regenerabila, cum ar fi cele solare, eoliene si hidroelectrice, pentru a dezvolta solutii energetice durabile care sa reduca dependenta de combustibilii fosili si sa atenueze schimbarile climatice.",stiinte
"proiectarea interfetelor utilizator si a experientelor interactive pentru aplicatii mobile, site-uri web si platforme digitale pentru a imbunatati usurinta de utilizare, accesibilitatea si implicarea utilizatorului pe diferite dispozitive si dimensiuni ale ecranului.",tehnologie
"explorarea intersectarii artei, stiintei si tehnologiei prin colaborari interdisciplinare, proiecte de cercetare si experimente creative care imping limitele expresiei artistice si inovatiei tehnologice.",arte
"studiul comportamentului si ecologiei speciilor amenintate, cum ar fi pandele, elefantii si tigrii, pentru a dezvolta strategii de conservare si proiecte de restaurare a habitatelor care sa protejeze biodiversitatea si sa conserve ecosistemele.",stiinte
"oferirea de servicii de consultanta strategica intreprinderilor si organizatiilor privind analiza pietei, informatiile competitive si planificarea strategica pentru a stimula cresterea, inovatia si conducerea pe piata.",afaceri
"promovarea constientizarii in domeniul sanatatii mintale si destigmatizarea bolilor mintale prin educatie, advocacy si servicii de suport, inclusiv terapie, consiliere si grupuri de suport intre colegi, pentru a imbunatati rezultatele si bunastarea mentala.",sanatate
"dezvoltarea aplicatiilor de inteligenta artificiala pentru procesarea limbajului natural, recunoasterea vorbirii si traducerea automata pentru a imbunatati comunicarea, automatiza sarcinile si imbunatati interactiunea om-calculator.",tehnologie
"crearea de experiente de realitate virtuala imersive care transporta utilizatorii in lumi virtuale, medii simulate si naratiuni interactive, estompeaza granitele dintre realitate si imaginatie.",arte
"studiul impactului schimbarilor climatice asupra comunitatilor vulnerabile, inclusiv a popoarelor indigene, a populatiilor de coasta si a cartierelor cu venituri mici, pentru a dezvolta strategii de adaptare si initiative de construire a rezilientei.",stiinte
"oferirea de servicii de planificare financiara si consultanta in investitii persoanelor fizice si familiilor pentru a-i ajuta sa-si atinga obiectivele financiare, sa-si construiasca averea si sa-si asigure viitorul financiar.",afaceri
"promovarea initiativelor de sanatate publica si a strategiilor de prevenire a bolilor, inclusiv campaniile de vaccinare, programele de educatie in domeniul sanatatii si proiectele de igiena, pentru a imbunatati rezultatele in sanatatea comunitatii si a reduce povara bolilor.",sanatate
"dezvoltarea tehnologiilor inovatoare pentru generarea si stocarea energiei regenerabile, inclusiv panouri solare, turbine eoliene si sisteme de baterii, pentru a face tranzitia catre o economie cu emisii reduse de carbon si pentru a combate schimbarile climatice.",tehnologie
"crearea de instalatii de arta multimedia care pun la indoiala notiunile conventionale despre frumusete, identitate si reprezentare si provoaca gandirea asupra problemelor sociale, culturale si politice.",arte
"studiul impactului urbanizarii, industrializarii si schimbarilor de utilizare a terenurilor asupra ecosistemelor terestre, inclusiv a padurilor, pajistilor si zonelor umede, pentru a informa gestionarea terenurilor si strategiile de conservare.",stiinte
"oferirea de servicii de consultanta pentru start-up-uri si antreprenori privind inovatia in modelul de afaceri, dezvoltarea de produse si strategiile de lansare pe piata pentru a accelera cresterea, a scala operatiunile si a atrage investitii.",afaceri
"promovarea initiativelor de conservare a mediului si dezvoltare durabila prin promovare politica, activism la baza si organizare comunitara pentru a proteja resursele naturale si a atenua schimbarile climatice.",politica
"oferirea de servicii de ingrijire medicala comunitatilor marginalizate din zonele rurale si indepartate, inclusiv consultatii de telemedicina, clinici mobile si programe de informare in domeniul sanatatii, pentru a imbunatati accesul la ingrijirea de calitate si a reduce disparitatile in sanatate.",sanatate
"dezvoltarea de tehnologii inovatoare pentru explorarea spatiului, inclusiv sisteme de propulsie spatiala, roveri planetari si habitate spatiale, pentru a extinde prezenta umana dincolo de pamant si a explora cosmosul.",tehnologie
"crearea de instalatii de arta imersive care exploreaza teme legate de memorie, nostalgie si temporalitate, invitand privitorii sa reflecteze asupra trecerii timpului si naturii trecatoare a experientei umane.",arte
"studiul impactului defrisarii, pierderii habitatelor si declinului biodiversitatii asupra serviciilor ecosistemice, inclusiv polenizarea, filtrarea apei si sechestrarea carbonului, pentru a informa eforturile de conservare si practicile de gestionare durabila a terenurilor.",stiinte
"oferirea de servicii de consultanta strategica intreprinderilor si organizatiilor privind analiza pietei, informatiile competitive si planificarea strategica pentru a stimula cresterea, inovatia si conducerea pe piata.",afaceri
"promovarea justitiei sociale si a egalitatii prin organizare comunitara, advocacy politic si activism la baza pentru a aborda inegalitatile sistemice si a promova drepturile omului.",politica
"oferirea de ingrijire medicala si servicii de suport comunitatilor marginalizate si populatiilor marginalizate, inclusiv refugiatilor, solicitantilor de azil si popoarelor indigene, pentru a aborda disparitatile in furnizarea de servicii medicale si pentru a promova echitatea in sanatate.",sanatate
"experimentarea cu diferite medii si tehnici artistice, inclusiv pictura, sculptura, fotografia si arta performantei, pentru a explora expresia personala, identitatea culturala si comentariul social.",arte
"investigarea originii vietii pe pamant si a potentialului vietii extraterestre in univers prin cercetarea astrobiologica, explorarea planetara si cautarea semnelor de viata in spatiu.",stiinte
"dezvoltarea solutiilor inovatoare pentru provocarile cibernetice, inclusiv detectarea amenintarilor, raspunsul la incidente si dezvoltarea de software securizat, pentru a proteja organizatiile si persoanele fizice de atacuri cibernetice si incalcari de date.",tehnologie
"angajarea in activism la baza si organizare comunitara pentru a sustine reformele politice, initiativele de justitie sociala si campaniile pentru drepturile omului la nivel local, national si international.",politica
"oferirea de servicii de ingrijire medicala primara si ingrijire preventiva comunitatilor din zonele indepartate si marginalizate, inclusiv vaccinari, ingrijire maternala si programe de nutritie, pentru a imbunatati rezultatele in sanatate si a reduce ratele de mortalitate.",sanatate
"cercetarea tehnologiilor de energie regenerabila, cum ar fi cele solare, eoliene si hidroelectrice, pentru a dezvolta solutii energetice durabile care sa reduca dependenta de combustibilii fosili si sa atenueze schimbarile climatice.",stiinte
"proiectarea interfetelor utilizator si a experientelor interactive pentru aplicatii mobile, site-uri web si platforme digitale pentru a imbunatati usurinta de utilizare, accesibilitatea si implicarea utilizatorului pe diferite dispozitive si dimensiuni ale ecranului.",tehnologie
"explorarea intersectarii artei, stiintei si tehnologiei prin colaborari interdisciplinare, proiecte de cercetare si experimente creative care imping limitele expresiei artistice si inovatiei tehnologice.",arte
"studiul comportamentului si ecologiei speciilor amenintate, cum ar fi pandele, elefantii si tigrii, pentru a dezvolta strategii de conservare si proiecte de restaurare a habitatelor care sa protejeze biodiversitatea si sa conserve ecosistemele.",stiinte
"oferirea de servicii de consultanta strategica intreprinderilor si organizatiilor privind analiza pietei, informatiile competitive si planificarea strategica pentru a stimula cresterea, inovatia si conducerea pe piata.",afaceri
"promovarea constientizarii in domeniul sanatatii mintale si destigmatizarea bolilor mintale prin educatie, advocacy si servicii de suport, inclusiv terapie, consiliere si grupuri de suport intre colegi, pentru a imbunatati rezultatele si bunastarea mentala.",sanatate
nomad digital explorand lumea si documentand aventurile prin fotografie.,arte
"spirit antreprenorial cu o abilitate de a identifica oportunitati, in cautare continua de noi provocari.",afaceri
"entuziast in tehnologie, adancindu-se in lumea realitatii virtuale si explorand aplicatiile sale potentiale.",tehnologie
afisionat de film cu o dragoste pentru cinema-ul independent si o pasiune pentru povestire prin film.,arte
student de economie intrigat de complexitatea pietelor globale si impactul acestora asupra societatii.,finante
"avocat pasionat de justitie sociala, implicat activ in activismul si organizarea comunitara.",politica
designer grafic cu o fler pentru design minimalist si o atentie deosebita pentru detalii.,arte
entuziast al informaticii fascinat de inteligenta artificiala si potentialul sau de a remodela industriile.,tehnologie
analist financiar cu un interes deosebit pentru strategiile de investitii si modelarea financiara.,finante
"entuziast al calatoriilor, explorand comorile ascunse ale lumii si imersandu-se in culturi diverse.",arte
geek-ul gadget intotdeauna in cautarea celor mai noi gadgeturi tech si impactul lor potential asupra vietii de zi cu zi.,tehnologie
entuziast de moda cu o dragoste pentru alegerile de moda sustenabila si etica.,arte
student medical dedicat imbunatatirii accesibilitatii la serviciile de sanatate in comunitatile nevoiase.,sanatate
fondator de start-up inovator care perturba industriile traditionale cu solutii revolutionare.,afaceri
avocat al mediului pasionat de eforturile de conservare si de protejarea habitatelor naturale.,stiinte
producator de muzica experimentand cu sunete eclectice si impingand limitele productiei muzicale.,arte
oameni de stiinta de date descoperind insightile din seturi vaste de date si conducand luarea de decizii informate de date.,stiinte
maestru in marketing cu un fler pentru a crea narative de marca convingatoare si pentru a implica audienta.,afaceri
iubitor de arta imersandu-se in expozitiile de muzeu si explorand frumusetea artelor vizuale.,arte
inginer software dezvoltand solutii software de varf pentru a rezolva problemele reale si pentru a imbunatati eficienta.,tehnologie
fitness entuziast promovand bunastarea holistica prin exercitii si practici de viata constiente.,sanatate
student la stiinte politice analizand sistemele politice si pledand pentru schimbari sociale pozitive.,politica
designer ux creand experiente de utilizator fara sudura care incanta si angajeaza utilizatorii.,arte
student de inginerie pasionat de inovatie si valorificarea tehnologiei pentru binele social.,tehnologie
creator de continut partajand povesti si experiente inspiratoare pentru a stimula conexiuni si comunitatea.,arte
cercetator in sanatate publica angajat in abordarea disparitatilor de sanatate si promovarea echitatii in sanatate.,sanatate
luptator pentru justitie sociala luptand pentru egalitate si demontarea nedreptatilor sistemice.,politica
strateg digital care stimuleaza angajamentul si cresterea online prin strategii digitale tintite.,afaceri
enthusiast de chimie care efectueaza experimente si exploreaza lumea fascinanta a moleculelor.,stiinte
specialist in resurse umane care promoveaza locuri de munca incluzive si imputerniceste echipe diverse.,afaceri
iubitor de arta imersandu-se in lumea expozitiilor de muzeu si explorand frumusetea artelor vizuale.,arte
dezvoltator full-stack construind aplicatii web scalabile si explorand noi tehnologii.,tehnologie
terapeut ocupational care ii ajuta pe pacienti in reabilitare si restabilirea mobilitatii si functiilor.,sanatate
activist climatic care militeaza pentru actiuni urgente pentru a aborda criza climatica si pentru a proteja planeta.,politica
designer de moda creand piese de arta purtabile care amesteca creativitatea cu functionalitatea.,arte
expert in securitate cibernetica care securizeaza infrastructura digitala si protejeaza impotriva amenintarilor cibernetice.,tehnologie
asistent de farmacie care ofera servicii de distribuire a medicamentelor si consiliere pentru pacienti.,sanatate
activist comunitar care mobilizeaza miscarile la nivel local si lupta pentru schimbarea sociala.,politica
strateg digital care stimuleaza angajamentul si cresterea online prin strategii digitale tintite.,afaceri
enthusiast de chimie care efectueaza experimente si exploreaza lumea fascinanta a moleculelor.,stiinte
specialist in resurse umane care promoveaza locuri de munca incluzive si imputerniceste echipe diverse.,afaceri
iubitor de arta imersandu-se in lumea expozitiilor de muzeu si explorand frumusetea artelor vizuale.,arte
dezvoltator full-stack construind aplicatii web scalabile si explorand noi tehnologii.,tehnologie
terapeut ocupational care ii ajuta pe pacienti in reabilitare si restabilirea mobilitatii si functiilor.,sanatate
activist climatic care militeaza pentru actiuni urgente pentru a aborda criza climatica si pentru a proteja planeta.,politica
designer de moda creand piese de arta purtabile care amesteca creativitatea cu functionalitatea.,arte
expert in securitate cibernetica care securizeaza infrastructura digitala si protejeaza impotriva amenintarilor cibernetice.,tehnologie
asistent de farmacie care ofera servicii de distribuire a medicamentelor si consiliere pentru pacienti.,sanatate
activist comunitar care mobilizeaza miscarile la nivel local si lupta pentru schimbarea sociala.,politica
strateg digital care stimuleaza angajamentul si cresterea online prin strategii digitale tintite.,afaceri
enthusiast de chimie care efectueaza experimente si exploreaza lumea fascinanta a moleculelor.,stiinte
specialist in resurse umane care promoveaza locuri de munca incluzive si imputerniceste echipe diverse.,afaceri
iubitor de arta imersandu-se in lumea expozitiilor de muzeu si explorand frumusetea artelor vizuale.,arte
dezvoltator full-stack construind aplicatii web scalabile si explorand noi tehnologii.,tehnologie
terapeut ocupational care ii ajuta pe pacienti in reabilitare si restabilirea mobilitatii si functiilor.,sanatate
"savantas in devenire, efectuand experimente nebune in laboratorul meu din subsol.",stiinte
"biolog maritim amator, explorand bazinele de maree si catalogand creaturile subacvatice.",stiinte
"pasionat de spatiu, construind rachete model si visand la calatorii interplanetare.",stiinte
"razboinic al schimbarii climatice, pledand pentru energie regenerabila si reducerea amprentei de carbon.",stiinte
"minte curioasa, intotdeauna intreband 'de ce?' si experimentand pentru a gasi raspunsurile.",stiinte
"astrofotograf, capturand imagini uimitoare ale galaxiilor si nebuloaselor din curtea mea.",stiinte
"colector de roci si minerale, vanand pietre pretioase si fosile in timpul liber.",stiinte
"artist botanic, ilustrand frumusetea plantelor si structurile lor intricate.",stiinte
"germofob transformat in microbiolog, studiind organisme mici care ne inconjoara.",stiinte
"entuziast ornitolog, identificand specii de pasari si ascultand cantecele lor.",stiinte
"dependent de stiinta fictiune, inspirat de tehnologiile viitoare si lumi imaginare.",stiinte
"nerd de date, analizand numere si gasind modele in seturi de date haotice.",stiinte
"arheolog amator, sapand in curtea mea si descoperind artefacte antice.",stiinte
"activist ecologic, organizand curatenii de plaje si evenimente de plantare a copacilor.",stiinte
"geek de chimie, efectuand experimente de bucatarie si preparand potiuni acasa.",stiinte
"colector de insecte, vanand dupa insecte si studiind comportamentul lor.",stiinte
"biolog diy, modificand genetic plante si experimentand cu adn-ul.",stiinte
"iubitor de ocean, snorkeling in recifele de corali si mirandu-se de ecosistemele subacvatice.",stiinte
"entuziast de fizica, construind gadgeturi de casa si testand teorii stiintifice.",stiinte
"climatolog, analizand modelele meteorologice si predictia dezastrelor naturale.",stiinte
"naturalist in suflet, plimbandu-se prin paduri si observand fauna salbatica.",stiinte
"aficionado de astrologie, studiind miscarile corpurilor ceresti si influenta lor.",stiinte
"gastronom molecular, experimentand cu chimia alimentelor si bucataria moleculara.",stiinte
"paleontolog amator, cautand fosile si descoperind creaturi preistorice.",stiinte
"cadet spatial, visand la explorarea planetelor indepartate si intalnirea extraterestrilor.",stiinte
"avocat al pamantului, plantand copaci si raspandind constientizarea problemelor de mediu.",stiinte
"fizician diy, construind telescoape acasa si efectuand experimente de curte.",stiinte
"fanatic de ciuperci, culegand ciuperci si studiind rolul lor in ecosisteme.",stiinte
"alchimist chimic, amestecand potiuni si pregatind elixire in laboratorul meu improvizat.",stiinte
"entomolog amator, prinzand insecte si studiind anatomia lor sub o lupa de marire.",stiinte
"entuziast stem, participand la targuri de stiinta si distrandu-se la competitiile de robotica.",stiinte
"ciudat spatial, meditand asupra misterelor cosmosului si semnificatia existentei.",stiinte
"gradinar ecologic, cultivand plante native si creand habitate prietenoase faunei.",stiinte
"astronaut diy, simuland misiuni spatiale in curtea mea si construind o racheta acasa.",stiinte
"geolog amator, sapand in curtea mea si descoperind fosile si minerale.",stiinte
"entuziast al codului, construind aplicatii si site-uri web care fac viata mai usoara pentru utilizatori.",tehnologie
"hacker de hardware, experimentand cu electronice si construind gadgeturi personalizate.",tehnologie
"omul de stiinta al datelor, procesand numere si extragand informatii din seturi de date vaste.",tehnologie
"guru al calculului in cloud, proiectand solutii scalabile pentru afaceri.",tehnologie
"guru al retelelor sociale, strategizand campanii si analizand metricile de angajament.",tehnologie
"dezvoltator de aplicatii, dand viata ideilor si codand pentru platforme mobile.",tehnologie
"dezvoltator de jocuri, creand experiente captivante si ridicand limitele jocurilor.",tehnologie
"blogger de tehnologie, impartasind perspective si recenzii despre cele mai recente gadgeturi si tendinte.",tehnologie
"consultant it, rezolvand probleme complexe si optimizand sistemele pentru eficienta.",tehnologie
"inginer robotic, proiectand roboti si sisteme de automatizare pentru diverse industrii.",tehnologie
"marketer digital, folosind tehnologia pentru a ajunge la audiente tinta si a genera conversii.",tehnologie
"educator in tehnologie, imputernicind altii prin ateliere si tutoriale online.",tehnologie
"antreprenor de comert electronic, construind magazine online si scaland afacerile.",tehnologie
"entuziast iot, conectand dispozitive si construind solutii pentru casa inteligente.",tehnologie
"hacker etic, testand sisteme pentru vulnerabilitati si consolidand securitatea cibernetica.",tehnologie
"evangelist tehnologic, pledand pentru cele mai recente inovatii si tendinte din industrie.",tehnologie
"designer web, creand site-uri web vizualmente impresionante si interfete user-friendly.",tehnologie
"entuziast al invatarii automate, antrenand modele si explorand aplicatiile ai.",tehnologie
"specialist in suport tehnic, depanand probleme si oferind solutii utilizatorilor.",tehnologie
"dezvoltator ar/vr, creand experiente imersive si combinand virtualul cu realitatea.",tehnologie
"strateg digital, elaborand planuri digitale si conducand transformarea digitala.",tehnologie
"entuziast al calculului cuantic, explorand potentialul algoritmilor cuantici.",tehnologie
"dezvoltator independent, lucrand la proiecte diverse si adoptand programe de lucru flexibile.",tehnologie
"inginer de retea, proiectand si intretinand retele sigure si eficiente.",tehnologie
"cercetator ux, efectuand studii de utilizator si rafinand experientele produsului.",tehnologie
"entuziast al startup-urilor tehnologice, visand mare si perturband industriile cu inovatie.",tehnologie
"biohacker, experimentand cu biologia diy si impingand limitele biohacking-ului.",tehnologie
"comerciant de criptomonede, navigand pe piata volatila si explorand oportunitatile blockchain.",tehnologie
"antreprenor edtech, revolutionand educatia cu solutii bazate pe tehnologie.",tehnologie
"advocat al eticii ai, promovand dezvoltarea si utilizarea responsabila a ai.",tehnologie
"consultant de aplicatii mobile, consiliind afacerile cu privire la strategia mobila si dezvoltarea de aplicatii.",tehnologie
"entuziast al imprimarii 3d, prototipizand idei si explorand fabricatia aditiva.",tehnologie
"investitor in tehnologie, cautand startup-uri promitatoare si sprijinind tehnologii disruptive.",tehnologie
"inginer devops, simplificand conductele de dezvoltare si optimizand infrastructura.",tehnologie
"expert in investigatii cibernetice, investigand crime digitale si analizand amenintarile cibernetice.",tehnologie
"entuziast al oraselor inteligente, folosind tehnologia pentru a construi spatii urbane sustenabile si conectate.",tehnologie
"analist de politici tehnologice, modeland reglementarile si politicile pentru a stimula inovatia.",tehnologie
"dezvoltator de asistenti virtuali, proiectand sisteme ai de conversatie si roboti de chat.",tehnologie
"pasionat de cod si de mediu, construind aplicatii pentru conservarea naturii.",tehnologie
"fascinat de electronice si de stiintele naturii, experimentand cu roboti si senzori.",tehnologie
"specialist in date si in domeniul medical, analizand statistici pentru a imbunatati sanatatea publica.",tehnologie
"inginer it si entuziast de arta, creand interfete intuitive pentru platforme de creatie.",tehnologie
"dezvoltator de jocuri si pasionat de educatie, creand jocuri interactive pentru a facilita invatarea.",tehnologie
"guru al securitatii cibernetice si iubitor de natura, protejand mediul online de amenintarile digitale.",tehnologie
"fotograf amator si entuziast de tehnologie, documentand natura cu ajutorul dronelor si al senzorilor.",tehnologie
"dezvoltator de aplicatii si pasionat de sport, creand aplicatii pentru a monitoriza si imbunatati performanta atletica.",tehnologie
"consultant it si voluntar in domeniul social, oferind solutii tehnologice pentru organizatii non-profit.",tehnologie
"inginer robotic si iubitor de calatorii, proiectand roboti pentru explorarea spatiului si a terenurilor necunoscute.",tehnologie
"marketer digital si pasionat de gastronomie, promovand restaurante si bucatari locali folosind tehnologia.",tehnologie
"dezvoltator de aplicatii si iubitor de muzica, creand aplicatii pentru a descoperi si a distribui muzica noua.",tehnologie
"designer ux/ui si entuziast de calatorii, creand experiente de utilizare remarcabile pentru aplicatii de calatorie.",tehnologie
"analizator de date si pasionat de cinematografie, extragand insight-uri din big data pentru a imbunatati experienta spectatorilor.",tehnologie
"dezvoltator de jocuri si activist pentru mediu, creand jocuri educative pentru a sensibiliza publicul cu privire la problemele de mediu.",tehnologie
"antreprenor edtech si entuziast al sporturilor extreme, lansand platforme de invatare online pentru a inspira si a instrui tinerii sportivi.",tehnologie
"dezvoltator de aplicatii si pasionat de istorie, creand aplicatii interactive pentru a explora si a intelege evenimentele istorice.",tehnologie
"inginer devops si voluntar in domeniul sanatatii, optimizand infrastructura it pentru spitale si centre de sanatate.",tehnologie
"dezvoltator de aplicatii si iubitor de arta, creand aplicatii pentru a aduce arta in viata de zi cu zi si pentru a promova artisti emergenti.",tehnologie
"consultant it si pasionat de calatorii, oferind solutii tehnologice pentru agentii de turism si promovand turismul responsabil.",tehnologie
"designer ux/ui si iubitor de moda, creand experiente de cumparaturi online intuitive si inspirandu-se din tendintele modei pentru design.",tehnologie
"analizator de date si entuziast de astronomie, extragand informatii din datele astronomice pentru a descoperi noi planete si stele.",tehnologie
"dezvoltator de aplicatii si iubitor de animale, creand aplicatii pentru adoptii de animale si pentru a ajuta la gasirea de case pentru animale fara stapan.",tehnologie
analizand tendintele pietei si studiind indicatorii economici pentru a lua decizii de investitii strategice.,finante
administrand portofele de investitii si maximizand randamentele prin strategii de alocare diversificata a activelor.,finante
utilizand tehnici de modelare financiara pentru a prognoza miscarile pietei viitoare si pentru a identifica oportunitati de investitii.,finante
evaluand profilul riscurilor si randamentelor diferitelor vehicule de investitii pentru a optimiza performanta portofoliului.,finante
"oferind servicii de consultanta financiara clientilor, ajutandu-i sa-si atinga obiectivele financiare pe termen lung.",finante
conducand analize financiare in profunzime si due diligence privind oportunitatile potentiale de investitii.,finante
consiliind clientii cu privire la strategiile de gestionare a averii si solutiile de planificare a patrimoniului.,finante
evaluand starea financiara a companiilor si recomandand actiuni de investitii pe baza constatarilor.,finante
monitorizand evolutiile economice globale si evenimentele geopolitice pentru impactul potential asupra pietelor financiare.,finante
cercetand tendintele emergente ale pietei si produsele financiare inovatoare pentru a ramane inainte in industrie.,finante
dezvoltand planuri financiare personalizate pentru clienti pe baza tolerantei lor la risc si obiectivelor de investitii.,finante
revizuirea situatiilor financiare si a rapoartelor de performanta pentru a evalua profitabilitatea si viabilitatea afacerilor.,finante
analizand riscul de credit si evaluand solvabilitatea persoanelor fizice si a intreprinderilor care solicita imprumuturi.,finante
asistand clientii in planificarea fiscala si in strategiile de optimizare pentru a minimiza obligatiile fiscale si a maximiza economiile.,finante
conducand cercetari de piata si analize competitive pentru a identifica oportunitati de crestere si expansiune a afacerilor.,finante
"administrand activitatile de finante corporative, cum ar fi bugetarea, prognozarea si analiza cheltuielilor de capital.",finante
colaborand cu echipe inter-functionale pentru a dezvolta strategii financiare aliniate cu obiectivele organizationale.,finante
evaluand lichiditatea pietei si conducand analize ale riscului de lichiditate pentru a asigura stabilitatea financiara si rezistenta.,finante
"participand la tranzactii de fuziuni si achizitii (m&a), inclusiv due diligence si evaluari de evaluare.",finante
implementand politici si proceduri de gestionare a riscurilor pentru a mitiga riscurile financiare si a proteja activele.,finante
oferind programe de educatie si alfabetizare financiara pentru a imputernici persoanele cu abilitati de gestionare a banilor.,finante
consiliind clientii cu privire la strategiile de planificare a pensionarii si ajutandu-i sa construiasca fluxuri de venit durabile pentru viitor.,finante
"analizand oportunitatile de investitii in active alternative, cum ar fi imobiliarele, marfurile si actiunile private.",finante
conducand teste de stres si analize de scenarii pentru a evalua rezistenta institutiilor financiare la evenimente adverse.,finante
dezvoltand previziuni financiare si proiectii pentru a sprijini luarea deciziilor strategice si procesele de planificare a afacerilor.,finante
colaborand cu organele de reglementare pentru a asigura conformitatea cu reglementarile financiare si cerintele de raportare.,finante
evaluand sentimentul pietei si comportamentul investitorilor pentru a anticipa tendintele pietei si oportunitatile potentiale de investitii.,finante
consiliind persoanele cu avere mare in ceea ce priveste conservarea averii si strategiile de planificare a mostenirii.,finante
conducand evaluari ale riscurilor financiare si dezvoltand strategii de reducere a riscurilor pentru clienti corporativi.,finante
"oferind servicii de evaluare pentru active financiare, inclusiv actiuni, obligatiuni si instrumente derivate.",finante
dezvoltand metrici de performanta financiara si indicatori kpi pentru a urmari si masura eficacitatea strategiilor financiare.,finante
conducand investigatii contabile pentru a descoperi fraudele financiare si neregulile.,finante
"asistand clientii in obtinerea de finantare pentru diverse scopuri, inclusiv investitii de capital si extinderea afacerilor.",finante
conducand cercetari de investitii si analize financiare asupra tintelor de achizitie potentiale si a oportunitatilor de investitii.,finante
consiliind clientii cu privire la strategiile de alocare a activelor pentru a optimiza randamentele ajustate in functie de riscuri si a atinge obiectivele financiare pe termen lung.,finante
evaluand viabilitatea financiara a noilor afaceri si oferind recomandari pentru initiativele de crestere strategica.,finante
oferind servicii de consultanta financiara pentru startup-uri si companii emergente pentru a sprijini cresterea si scalabilitatea acestora.,finante
analizand tendintele industriale si dinamica pietei pentru a identifica oportunitati de investitii si dezvoltare a afacerilor.,finante
evaluand starea financiara a organizatiilor non-guvernamentale si oferind recomandari pentru modele durabile de finantare.,finante
dezvoltand planuri de continuitate financiara si strategii de continuitate a afacerilor pentru a atenua impactul evenimentelor neprevazute.,finante
conducand due diligence financiar si evaluare a riscurilor pentru fondurile de investitii si tranzactiile de private equity.,finante
consiliind clientii cu privire la strategiile de investitii eficiente din punct de vedere fiscal si structurarea tranzactiilor financiare pentru a minimiza obligatiile fiscale.,finante
evaluand impactul schimbarilor reglementarilor si politicilor economice asupra pietelor financiare si portofoliilor de investitii.,finante
conducand teste de stres financiar si analize de scenarii pentru a evalua rezistenta institutiilor bancare la conditii de piata adverse.,finante
oferind consiliere financiara si servicii de management al datoriilor persoanelor fizice si familiilor care se confrunta cu provocari financiare.,finante
analizand practicile de guvernanta corporativa si recomandand imbunatatiri pentru a imbunatati transparenta si responsabilitatea.,finante
"evaluand impactul financiar al factorilor de mediu, sociali si de guvernanta (esg) asupra deciziilor de investitii.",finante
conducand analize de cost-beneficiu si studii de fezabilitate financiara pentru proiecte de dezvoltare a infrastructurii si parteneriate public-private.,finante
consiliind clientii cu privire la oportunitatile de investitii transfrontaliere si strategiile internationale de planificare fiscala.,finante
evaluand performanta financiara a fondurilor mutuale si a fondurilor de investitii tranzactionate la bursa (etf-uri) pentru a identifica optiuni de investitii potrivite pentru clienti.,finante
conducand cercetari de investitii si due diligence asupra pietelor emergente si economiilor de frontiera pentru a identifica oportunitati de crestere.,finante
oferind indrumare si suport financiar antreprenorilor si proprietarilor de intreprinderi mici pentru a naviga prin provocarile si pentru a atinge succesul in afaceri.,finante
analizand situatiile financiare si metricile de performanta pentru a evalua solvabilitatea corporatiilor imprumutatoare si a emitentelor.,finante
evaluand impactul riscurilor geopolitice si a evenimentelor globale asupra portofoliilor de investitii si dinamicii pietelor.,finante
conducand analize ale pietei financiare si previziuni economice pentru a informa strategiile de investitii si deciziile de alocare a activelor.,finante
consiliind clientii cu privire la restructurarea financiara si solutiile de gestionare a datoriilor pentru a imbunatati lichiditatea si solvabilitatea.,finante
evaluand riscurile financiare asociate schimbarilor climatice si factorilor de sustenabilitate ambientala asupra portofoliilor de investitii.,finante
"analist politic, disecand propunerile politice si analizand impactul acestora asupra societatii.",politica
"manager de campanie, orchestrand campanii politice si mobilizand sprijinul din randul oamenilor de rand.",politica
"cercetator de politici, adancindu-se in probleme legislative si elaborand recomandari de politici bazate pe dovezi.",politica
"strateg de relatii publice, conturand narative politice si gestionand relatiile cu mass-media pentru politicieni.",politica
"jurnalist politic, raportand dezvoltarile politice si tragand la raspundere oficialii alesi.",politica
"lobbyist guvernamental, pledand pentru politici specifice si influentand factorii de decizie din institutiile legislative.",politica
"consultant politic, consiliind candidatii cu privire la strategiile de mesaj si tactici de campanie.",politica
"avocat pentru politici, sustinand cauzele justitiei sociale si lobby pentru reformele politice.",politica
"sondor electoral, realizand sondaje si analizand opinia publica pentru a prezice rezultatele alegerilor.",politica
"ajutor legislativ, asistand legislatorii in redactarea legislatiei si efectuand cercetari asupra problemelor legislative.",politica
"comentator politic, oferind analize si comentarii experte despre evenimentele curente si tendintele politice.",politica
"organizator comunitar, mobilizand cetatenii in jurul problemelor politice si organizand campanii de baza.",politica
"consilier pentru politica externa, consiliind oficialii guvernamentali in relatiile internationale si strategia diplomatica.",politica
"scriitor de discursuri, elaborand discursuri si mesaje pentru liderii politici si candidati.",politica
"strateg politic, dezvoltand strategii politice pe termen lung si consiliind cu privire la tactici de campanie.",politica
"politolog, studiind sistemele politice si comportamentul pentru a intelege dinamica guvernarii.",politica
"analist de politici publice, evaluand eficacitatea programelor guvernamentale si propunand reforme.",politica
"manager de social media, folosind platformele digitale pentru a angaja alegatorii si a forma discursul politic.",politica
"strateg pentru strangerea de fonduri de campanie, organizand evenimente de strangere de fonduri si solicitand donatii pentru campanii politice.",politica
"aparator al drepturilor omului, promovand libertatile civile si luptand impotriva discriminarii si injustitiei.",politica
"coordonator de politici, coordonand eforturile dintre agentiile guvernamentale si partile interesate pentru a implementa initiative politice.",politica
"coordonator de contact cu alegatorii, angajandu-se cu alegatorii si adresandu-le preocuparile in numele oficialilor alesi.",politica
"voluntar de campanie politica, colindand cartierele si efectuand apeluri telefonice pentru a sustine candidatii.",politica
"analist legislativ, revizuirea propunerilor legislative si oferirea de recomandari legislatorilor.",politica
"caricaturist politic, folosind satira si umorul pentru a comenta evenimentele si personalitatile politice.",politica
"strateg digital de campanie, concepand strategii online pentru a ajunge si a mobiliza alegatorii prin canale digitale.",politica
"avocat pentru politici, lucrand cu grupuri de lobby pentru a influenta politica publica si pentru a promova schimbarile sociale.",politica
"observator electoral, monitorizand alegerile pentru a asigura echitatea, transparenta si respectarea principiilor democratice.",politica
"supraveghetor al guvernului, scrutand actiunile guvernamentale si tragand oficialii la raspundere pentru deciziile lor.",politica
"coordonator de campanie politica, organizand evenimente de campanie si gestionand logistica pentru aparitiile candidatilor.",politica
"strangator de fonduri de campanie, organizand evenimente si campanii pentru a strange fonduri pentru candidati politici.",politica
"analyst de politici, efectuand cercetari si oferind analize despre o gama larga de probleme politice.",politica
"blogger politic, scriind comentarii si analize despre stiri si dezvoltari politice.",politica
"strateg de campanie, dezvoltand si implementand strategii de campanie pentru a castiga alegerile.",politica
"organizator politic, mobilizand voluntarii si sustinatorii pentru a participa la activitati politice.",politica
"analyst legislativ, strangand informatii si date pentru a sprijini luarea deciziilor legislative.",politica
"manager de afaceri guvernamentale, reprezentand interesele organizatiilor in interactiunile cu oficialii guvernamentali.",politica
"consilier politic, oferind sfaturi si indrumare expertilor guvernamentali cu privire la probleme legislative.",politica
"activist politic, pledand pentru schimbarea politica prin proteste, mitinguri si organizare de baza.",politica
"specialist in afaceri publice, gestionand comunicarea intre agentiile guvernamentale si public.",politica
"strangator de fonduri de campanie, organizand evenimente si campanii pentru a strange fonduri pentru candidatii politici.",politica
"coordonator de politici, supravegherea dezvoltarii si implementarii initiativelor politice.",politica
"strateg de campanie, concepand planuri si strategii de campanie pentru a castiga alegerile.",politica
"antreprenor, lansand si escaladand startup-uri inovatoare in sectorul tehnologic.",afaceri
"consultant de afaceri, oferind sfaturi si solutii strategice companiilor pentru crestere si eficienta.",afaceri
"executiv corporativ, supervizand operatiunile si conducand performanta afacerii in corporatii multinationale.",afaceri
"analyst financiar, evaluand oportunitatile de investitii si analizand datele financiare pentru luarea deciziilor informate.",afaceri
"manager de marketing, dezvoltand si implementand strategii de marketing pentru promovarea produselor si cresterea vanzarilor.",afaceri
"reprezentant de vanzari, construind relatii cu clientii si incheind tranzactii pentru a genera venituri.",afaceri
"manager de lant de aprovizionare, optimizand logistica si gestionand stocurile pentru a optimiza operatiunile afacerii.",afaceri
"director de resurse umane, dezvoltand politici si programe de resurse umane pentru a sustine cresterea si bunastarea angajatilor.",afaceri
"manager de proiect, conducand echipe interfunctionale pentru a livra proiecte la timp si in limita bugetului.",afaceri
"contabil, gestionand inregistrarile financiare si asigurand conformitatea cu reglementarile fiscale.",afaceri
"manager de dezvoltare a afacerilor, identificand noi oportunitati de afaceri si stabilind parteneriate pentru crestere.",afaceri
"manager de operatiuni, supervizand operatiunile zilnice si imbunatatind procesele pentru a creste eficienta.",afaceri
"analyst de risc, evaluand riscurile si dezvoltand strategii pentru a le reduce pentru continuitatea afacerii.",afaceri
"manager de produs, supervizand dezvoltarea si lansarea produselor pentru a satisface nevoile pietei.",afaceri
"bancher de investitii, facilitand tranzactii financiare si oferind servicii de consultanta clientilor.",afaceri
"manager de relatii publice, gestionand comunicarea si construind relatii pozitive cu partile interesate.",afaceri
"planificator financiar, ajutand persoanele fizice si afacerile sa-si atinga obiectivele financiare prin planificare strategica.",afaceri
"analyst de cercetare de piata, realizand cercetari de piata si analizand tendintele pentru a lua decizii de afaceri.",afaceri
"manager de servicii pentru clienti, conducand echipele pentru a oferi servicii si suport pentru clienti exceptionali.",afaceri
"analyst de operatiuni, analizand datele si procesele pentru a identifica domeniile de imbunatatire a operatiunilor afacerii.",afaceri
"strateg de afaceri, dezvoltand strategii pe termen lung pentru a atinge obiectivele de afaceri si tintele de crestere.",afaceri
"manager de vanzari cu amanuntul, supervizand operatiunile magazinului si gestionand personalul pentru a creste vanzarile si rentabilitatea.",afaceri
"consilier juridic, oferind sfaturi si orientari legale in probleme de afaceri si contracte.",afaceri
"manager de marca, dezvoltand strategii de marca si gestionand identitatea marcii pentru a imbunatati valoarea marcii.",afaceri
"consultant de management, consiliind companiile in strategia organizationala si eficienta operationala.",afaceri
"controlor financiar, gestionand raportarea financiara si procesele bugetare pentru organizatii.",afaceri
"director executiv (ceo), oferind leadership si directie pentru a atinge obiectivele si viziunea companiei.",afaceri
"avocat corporativ, gestionand aspecte legale legate de guvernanta corporativa, fuziuni si achizitii.",afaceri
"analyst de afaceri, analizand procesele si cerintele de afaceri pentru a recomanda solutii de imbunatatire.",afaceri
"coordonator de operatiuni, coordonand si implementand procesele operationale pentru a sustine obiectivele de afaceri.",afaceri
